{
    "info": {
        "segmentation": "0",
        "time_series": "0",
        "dicom": "0",
        "device": "1",
        "date": "20181210",
        "folder": "json/2 degree (deep)/"
    },
    "patient": {
        "id": "QvexhOk+TpXKIHt0bICaGw==",
        "age": "0",
        "gender": "1",
        "height": "none",
        "weight": "none",
        "bmi": "7",
        "underlying_disease": "none",
        "stage": "2",
        "burn_date": "20181208",
        "location": "7",
        "direction": "0",
        "extremity_num": "0",
        "burn_area_total": "2",
        "burn_area_local": "0",
        "vascularity": "4",
        "pigmentation": "3",
        "pliability": "6",
        "burn_height": "4",
        "burn_scar_contracture": "2",
        "cause_of_burn": "0",
        "treatment": "8",
        "healRange": "2"
    },
    "images": {
        "filename": "2_f_0_7_221018_204237_Cswu00008_20181210",
        "path": "jpg/2 degree (deep)/",
        "extension": "jpg",
        "width": "1115",
        "height": "1088",
        "depth": "3"
    },
    "annotations": {
        "2": {
            "bbox": [
                [
                    0,
                    57,
                    1082,
                    984
                ]
            ],
            "segmentation": [
                [
                    254,
                    899,
                    281,
                    833,
                    258,
                    770,
                    181,
                    724,
                    118,
                    558,
                    76,
                    536,
                    0,
                    568,
                    2,
                    157,
                    114,
                    104,
                    237,
                    57,
                    422,
                    174,
                    513,
                    214,
                    636,
                    164,
                    801,
                    196,
                    975,
                    215,
                    1039,
                    306,
                    1082,
                    454,
                    1046,
                    530,
                    1003,
                    681,
                    953,
                    802,
                    902,
                    851,
                    828,
                    889,
                    712,
                    910,
                    612,
                    926,
                    546,
                    950,
                    455,
                    1031,
                    371,
                    1041,
                    271,
                    1022
                ]
            ]
        }
    }
}